chrom	start	end	Locus	Motifs 1	Motifs 2	Repeat type	Region	Path. repeats	Inheritance mode	Disease
chr1	1435798	1435818	VWA1		GGCGCGGAGC		Coding	>=3	Autosomal recessive	Hereditary motor neuropathy
chr1	57367043	57367119	DAB1	ATTTC	AAAAT,GAAAT,AAAAT	Nested	Intron	>=31	Autosomal dominant	Spinocerebellar ataxia 37 (SCA37)
chr1	146228800	146228822	NOTCH2NLA		GGC					
chr1	149390802	149390841	NOTCH2NLC	GGC	GGC	Standard	5' UTR	>=90,>=60	Autosomal dominant	Neuronal intranuclear inclusion disease (NIID)Hereditary essential tremor type 6 (ETM6)
chr1	111414874	111415059	OVGP1	CAGGGGTCACAGACTGATGACCCA		VNTR	intra-exon			
chr1	152111917	152112225	TCHH	GCTGCTGCTCGCGCCTCA		VNTR	intra-exon			
chr1	152213254	152220894	HRNR	GAGCCAGACCCATGTTGGCCATAGCTAGAAGACTGACCT		VNTR	intra-exon			
chr1	152303180	152314028	FLG	GGGGTGTCTGGAGCCATCTCTTGACTGCTCCTGAGCAGATCCATGATGGTTTCTGGAAGCAGACCCAGACCACCTCTCAGAGTCTTCTGAGTGTCCCTCACTGTCACTGTCCTGGCTAACACTGGATCCCTGGCGCCTGCTTGTCCTGGACCCCGCTGATTGTCCCTGGCCCACCTGTGAGTGTCTAGAGCTGTCGGCCTGAGAGGAAGCTTCATGGTGACGCGACCCTGAGTGCCTGGAGCCGTCTCCTGATTGTTCCTCATTACGTGTTTGTCTGCTTGCACTTCTGGATCCTGACTGCCCACGGGAGGCATCAGACCTTCCCTGGGATGTGGTGTGGCTGTGATGGGACCCTGAGTGTCCAGACCTATCTACCGATTGCTCGTGGTGGGATCCCTGCCTTCCTCCTCTGCTTGACCCCGGGTGTCCACGAATGGTGTCCTGACCCTCTTGGGACGCTGAGTGCCTGGAGCTGTCTCGTGCCTGCTCGTGGTGGGATCCTTGTCTTCCTCCAGTGCTGGGCCCGGTCCGTCCATGGGCGGACTCAGACTGTTCATGAGTGCTCACCTGGTAGAGGAAAGACCCTGAACGTCCAGACCTTTCCCCTGACCGGCCACGTGCGGACTCTTGGTGGCTCTGCTGATGGGGCCCAGCCTGTCCGTGGGCTGACACTGACTGTGTGTCTGAGTCTTCTGAATGTCCCTCACTGTCACTGGCCTGACTACCACTGGACCCTCGGTGTCCACTGTCTCTGACTGCAGATGAAGCTTGTCCGTGCCCAATGCCTGAGTGTCTGGAGCTGTCTGCTGACTGCTGGTGGCGGGATCCATGTCTTTCTCCTGCACTTGATCTTGCCTGTTCATGGGATGATGCAGCCTGTCCACCAGAGGAAGTCTCTGCGTGACGAGTGCCTGATTGTCTGGAGCTGTCTGCAGAGTGCCCATGACCGGCTCTGTCTTCGTGATGGGACCT		VNTR	intra-exon			
chr1	152354133	152356528	FLG2	AAGCCAGAGGATTGTCCTGAGCCAGACCCATGTTGTCCAAAGCCAGAGGACTGACCTGAGCCTGATCCATGTTGGCCAAAGCCAGAGGATTGACCTGAGCCTGACCCGTGTTGTCCAAAGCCAGATGTCTGTCCTGAACTTGACCCATGTTGACCATAGCCAGATGACTGACTTGAGCCAGAACCATGTTGGCCATAGCTAGACTGACCTGATCTAGACTCATGTTGTCCA		VNTR	intra-exon			
chr1	152787451	152787493	LCE1E	GCTCTGGCTCCA		VNTR	intra-exon			
chr1	152805366	152805443	LCE1C	GGGCACTTGGGG		VNTR	intra-exon			
chr1	152910326	152910505	IVL	GAGCAGCAGGAGGGGCAGCTGGAGCTCCCA		VNTR	intra-exon			
chr1	153003183	153003310	SPRR3	GAGCCAGGCTGTACCAAGGTCCCT		VNTR	intra-exon			
chr1	155188676	155192051	MUC1	GCCCACGGTGTCACCTCGGCCCCGGACACCAGGCCGGCCCCGGGCTCCACCGCCCCCCCA		VNTR	intra-exon			
chr1	160240084	160240123	DCAF8	CTCTTCTTCCTC		VNTR	intra-exon			
chr1	179534854	179534923	AXDND1	AAAGAAGAA		VNTR	intra-exon			
chr1	201209553	201211638	IGFN1	GGTTCTGGAGAAATGGGGTCAGTGAATGAGGCAGGTTATAGGAAGGATTTGGGGGCTCCTGAGGGAATAGGTTCAGGGAGTAAGGCAGGTTTTAGGGATGGTTTAGGG		VNTR	intra-exon			
chr1	240207735	240208345	FMN2	ATACCCCCTCCGCCCCCTCTACCCGGAGCGGGC		VNTR	intra-exon			
chr1	39413249	39413803	MACF1	CCACCCCAGAGGAGCCCACCTCCCCAGCTGCTGCAGTGC		VNTR	intra-exon			
chr1	62209956	62210059	L1TD1	GGAGGAGGAAGAAGAGACCTCAGGGCTGGAGGA		VNTR	intra-exon			
chr1	7829874	7830126	PER3	CTACTGCCAGCGCTCTGTCCACGGGATCGCCTCCCAGGAAGAATCCATCCCATC		VNTR	intra-exon			
chr1	8358581	8358640	RERE	CTCCCGCTCTCGGAT		VNTR	intra-exon			
chr1	84574316	84574349	AL359762.1	GCAGCGCCA		VNTR	intra-exon			
chr10	79826383	79826404	NUTM2B-AS1	CGG	CGG	Standard	Noncoding transcript	>=700	Autosomal dominant	Oculopharyngeal myopathy with leukoencephalopathy 1 (OPML1)
chr10	93702522	93702547	FRA10AC1		CCG		5' UTR			
chr10	101010537	101010575	PDZD7	GCTGCGGCTACG		VNTR	intra-exon			
chr10	122599445	122617454	DMBT1	AGGGATCCTCTCACTGTGAGGAACTCTGAACCAAAGATGCTTGTCTGGAAGTGGGTTCTCAGCTGAGACCCAGTGAGGAGGTCTGGAAACAGAGGCTCAAGGGTTAGGAGTGCAAAATGGGTGTCTGGTTCTATCAGGCCTGGGTTGTGTGAGGTTGGAGTCCTTGACCTCAGGTCCTCTCAGAACGCTGCAGAGCACTGCCTTGCCCTGGGTCTGGTGTGGGGAGGGCAGCCCCCATGAGACTGGCCAGGCTTGGCCTCATTATTGCCTGTGGTCGGGGCTTGAAGATCACACAAGGGATTTTGGCTGGAGTGGCTTCCTCAGCCTTGCTGACTCAGGAACACCTAAGATGTGCAAGGGAGTGGGTTGGTTTAGGTCAACTGGGTTACCCTGCGCAGACACAATTTGATCTCCTCAGAGCTGGCAATAGTGGACAGGATCTGCCTCAACCCCTTACACGGTGCATCTCTGTGGGGATGTGCATGGCAATGTCCCTCCCTGTGTGATAGGAACTAGGATGGACTGAGTGTCAGACTCGCCCATTTCTTTCCCTCCTCATTCCAGTTTTGTCGACTTCTGTGTAACATTCCTGATCTGACCTTCTCTTCTCTTTCTCACAGCTTCCCAGTCCCAGCCGACACCCAGCCCAGGTAAGTTCCCAGTGTCCTTCCTCAAAATGTCCCTTCTCTTTCTGCCCAATCACCCCTTCCCCACTCCACAGAGCTCTCCTGTTTCTCTGTGTGGATACTGTGGGGCATATTATTTCTACCGCCACCACCGGCTGTATTTCACATGGGTCCTTTTCTATTTTCCCTAAGTGTCAGCCGGTCTGAGAAATAAAGGGAAGGCATACAAAAGAGCAAAATTTTAAAGCTGGGTGTTGGGGGGAGACATCACATGTCAGCAGGTTCCGTGATCCCTCCTGAGTAGCAAAACCAGCAAGTTTTTATTGGTGATTTTCAAAAGGGGAGGGAGTGCACAAATAGGGTGTGGGTCACAGAGATCACATCCTTCACAAGGTAATAAAATATCACAAGGTAAATGGAGGCAGGGCAAGATCACAGGACTGGGGTGAAATTAAAATTGCTAATGAAGTTTCGGGCACGCATTGTCATTGAAAACATTTTATCAGGAGACAGGGTTTGAGAGCAGACAACTGGTCTGACCAAAATTTATTAGGAGGCAATTTCCTCATCCTAATAAGCCTGGAAGCGCTACGGGGGACCGGGGCTTATTTCATCCCTTATCTGTAAGCGTAAAAGACAGACGTTCCCAAAGCGGCCATTTCAGAGGCCTCCCCTTAGGAACACATTCTCTTTCTCAGGGATGTTCCTTGCTGAGAAAAGGAATTCAGCGATATTTCTCCTATTTGCTTTTGAAGGAAGAGAAATGTGGCTCTGTTCTGCCTGGCCCACAGGCAGCCAGCCTTTAAGGTTATCTCCCTTGTTCCCTGAACAACGCTGTTATCCTGTTCTTTTTTCACAGTGCCCAGATTTCATATTGTTTAAACAATTTCTGCAGTTAACGCAATCATCACAGGGTCCTGAGGTGACATTCATCCTCAGTTTATGAAGAAGATGGGATTAAGAGATTAAAGTAAAGACAGGCATAGGAAATCACAAGAGTATTGATTGGGGAAGTGATAAGTGTCCATGAAATCTTCACAATTTATGTTCAGAGATTGCAGTAAAGACAGGCGTAAGAAATTATAAAAATATTAATTTGGGGAACTAATAAATGTCCATGAAATCTTCAAATTTATGTTCTTGTGCCATGGCCTCAGCCGGTCCCTCTGTTTGGGGTCCCTGACTTCCCGCAACACAGCACAGTGCTTTGAAAACACACATAGGATTCAGGAGGCCTCTGTCTTCTTTTCAACCCCTCTCAGCTTTCATGAAACAGTTTCATACTGTCCCAGTGGACAGCCCTTACAGGTTCAGGAAGTGGCCCCATGTTTAATGAGTTTTGGTCCTTTTATATTCAGGACTCACATATAGTTTCGAAAATTGAGGGTGTCACCCTCTGACCTGTTCAAGGCATTGTCAGGGCAGGCTCGATACCCCCATCCATCACTGCTGGAAAAATTCTGAGATTATGATGGACCACATTTGTATCCAGAAGAGGCAGGGTTTGTGCTTGGGCAGGGAAAGGGATAATAAAGGTTTGTAGTGTCTCTGCTTAGCCAGAAACCTGATTCCTGATTGTCCCCTGGGCAGCCCCTGGTTCCCCTAACATTTTATCTGCCAGTGTCTGAGCCTCAGCAATGGCATCTGATGTCCTAGTCAGTCCATGCATCAGCAGATGTGGGATTGCATGGTGGGGGGCATCCTCTAACAGATAGAAAGATACCCCAGGATTAGAGAAATGGAGGGCTCAGTCTGGTCTCCAGCAGGACCTTTGTTCATGGATGAGTTCACAGCAGAGGAGACCTGGGAAGACACATGGGAAGCAAGTGGCAGGAACAGGAAGTGGAATTGTTGCCAGGTGGATTCCCCCTCCCAGAGAACCTTTTGTTCTGCACCTTTTCCCTTCAAGTCTAATTCTGTCTTTTCCTTTGTTGCAATTTACAGACACTTGGCCAACCTCACATGCATCAACAGCAGGTAAATAATCCTCTCACCCCTCCCTAGGGCTCACTGTCTCTGGACATATTTTGTGTTTGAAACTGATAGGATGAGGCTCAAGGTGGGCCCCTCTTTTTTCACTCCCCTGTGGGTTGCGTGGGAGGAAGGTGGAATCTCTGAGGAGCCAGTGCTGGGTCTGATGTTTGAGGATGGAGGGTGCTGGTGACTGTCTCCCATGGAATCCTGTTCCAAGTGGTCAGGAAAGATCCTCATCCAGGTGCTCAGGATGAGCACTGGAGGGCTCCTTAATCCTACTGGGACCTCGTTCCTGGCCCTCAGGCCATGGGATCCAGATCTCTGAAGAGCAGGTGAAAGTGCCAGTCTCTGCACTTGTGTGGCCAAGGTCTTGCCATCACTGGCAAATTGCCAGAAGGCAGAGAGGACCATGCAGGTGCCAATGAGCTCCTGAATTCGGAGGGGGTCTGGGCTTGTCATTTGTAGCTGTGTATCTCCATCCTTTGTGTACCCAGAGTGGGGAATGGGGTGTCCATTCCTGTCCCCTCCTCTGGGGTCATACATGCTTACCCATAGCTTGAGCTTTTATAGACTTGAGTAGAATAGGGCATCACTTTTTCCACTATGACAAAGTTTAACCTCTGGGTGCAGCTATCTTCCATCATGACTGCATGCCCTGGTGACTTCTGCATTCGTATTGAAACTTGACTACTTTGCCCACTGCCCTGATTGTTGTCCATGCCTTATCCTTGACCTCATATTTGAGATGGATGAAGCGTTCTTGTGTTCCCCTGTAGGATCTGAATCCAGTTTGGCCCTGAGGCTGGTGAATGGAGGTGACAGGTGTCAGGGCCGAGTGGAGGTCCTATACCGAGGCTCCTGGGGCACCGTGTGTGATGACTACTGGGACACCAATGATGCCAATGTGGTTTGCAGGCAGCTGGGCTGTGGCTGGGCCACGTCAGCCCCAGGAAATGCCCGGTTTGGCCAGGGTTCAGGACCCATTGTCCTGGATGATGTGCGCTGCTCAGGACATGAGTCCTATCTGTGGAGCTGCCCCCACAATGGCTGGCTCTCCCACAACTGTGGCCATCATGAAGACGCTGGTGTCATCTGCTCAGGTGGGCCTCCAAGACCTTCGGCTCCCTCTCCTAGGTTGGAGTTTGCTCAGGAAGAAAATCCTAATTACATTATGATCTCCTCTGAACTCACAGATTCTTCTATGTTTCTTGTATTTATGCAGCCTTGTTAGCTCCCTGCTAAGAATCTGTATGAATTTTGCTACAGCGGTTGGTGTTCATGTGGTCACTTAGGACAGGGGACCAAAGTCAAACAACAACCCAGACTTTATCCCCTTCCTGAGGCAGTGCAAGGAAGAGGCAGAAGAGAAAACTGCTGGCTCCCCAGGGCTCCATTTCTTCCCTGCTGAGTAGCAGTGGTTGAGGGTATCATGGACATAGGACAGACAGCGGGGCAGAGG		VNTR	multi-exon			
chr11	66744821	66744850	C11ORF80		GCG					
chr11	119206289	119206322	CBL	CCG	CGG	Standard	5' UTR	>=101		Jacobsen syndrome (JBS)
chr11	1243277	1243472	MUC5B	CTGACCACCACGGCCACCACACCACAGCCACCAGCAACACACCAACTCCCTCCTCAACCCTAGGGACAACCCACACACCCCCAGTG		VNTR	intra-exon			
chr11	1584891	1585055	KRTAP5-1	CCACAGCCCCCCTTGGAGCCCCCACAAGAG		VNTR	intra-exon			
chr11	1630095	1630289	KRTAP5-5	CAAGGGGGGCTGTGGCTCCTGTGGGGGGTC		VNTR	intra-exon			
chr11	639989	640194	DRD4	CGCCCCCCGCGCCCGGCCTCCCCCAGGACCCCTGCGGCCCCGACTGTG		VNTR	intra-exon			
chr11	71538370	71538588	KRTAP5-8	CCAGTCCAGCTGCTGCAAGCCCTGCTGTTC		VNTR	intra-exon			
chr12	6936716	6936773	ATN1	CAG	CAG	Standard	Coding	>=49	Autosomal dominant	Dentatorubral-pallidoluysian atrophy (DRPLA)
chr12	50505001	50505022	DIP2B	CGG	GGC	Standard	5' UTR	>=273	Autosomal dominant	Mental retardation, FRA12A type (MRFRA12A)
chr12	111598949	111599018	ATXN2	CAG	GCT	Standard	Coding	>=35	Autosomal dominant	Spinocerebellar ataxia 2 (SCA2)
chr12	108623526	108623961	SELPLG	GCCTCCGTGGCTGCTGGTGGAGTGGTCTGT		VNTR	intra-exon			
chr12	10882482	10882582	AC006518.7	GGTGGACCTTGTTGCTGCTGGCCTCCTTGTTGG		VNTR	intra-exon			
chr12	10930813	10930896	PRH2	ACCACCTCCTCAGGGAAAGCCACAAGG		VNTR	intra-exon			
chr12	111362899	111363018	PHETA1	GGCAGGGCAGAGGGCAGGGACTGGGACAGG		VNTR	intra-exon			
chr12	11392928	11393983	PRB2	CTGGAGGTGGGGGACCTTGAGGCTTGTTGCCTCCTTGTGGGGGTGGTCCTTGTGGCTTTCCTGGAGGAGGTGGGGGACCTTGAGGCTTGTTGCCTCCTTGTGGGGGTGGTCCTTGTGGCTTTC		VNTR	intra-exon			
chr12	12477732	12477758	DUSP16	GCACGCTGG		VNTR	intra-exon			
chr12	124911751	124913720	UBC	GTGGACTCTTTCTGGATGTTGTAGTCAGACAGGGTGCGTCCATCTTCCAGCTGTTTTCCAGCAAAGATCAACCTCTGCTGGTCAGGAGGGATGCCTTCCTTGTCTTGGATCTTTGCCTTGACATTCTCGATGGTGTCACTGGGCTCCACCTCGAGAGTGATGGTCTTACCAGTCAGGGTCTTCACGAAGATCTGCATCCCACCTCTGAGACGGAGCACCAGGTGCAGG		VNTR	intra-exon			
chr12	52651772	52651826	KRT2	CCAAAGCCGCCTCCA		VNTR	intra-exon			
chr12	52675415	52675557	KRT1	GCCACCTCCAGAGCCATAGCT		VNTR	intra-exon			
chr12	56717774	56718209	NACA	TTTTGGGGAGGGAGGAGTTGCAGCTGGGGTTGTGGGGGCCCCTTTGGGGGATGGGGTAGCTAGACCTCC		VNTR	intra-exon			
chr12	7190513	7190645	PEX5	GCCTCTGAGGCAGTGAGTGTTCTTGAGGTGGAAAGCCCAGGTGCA		VNTR	intra-exon			
chr12	7794763	7794886	NANOG	TGGAGCAACCAGACCTGGAACATTCAGACC		VNTR	intra-exon			
chr13	70139353	70139428	ATXN8	CTG	CTA,CTG	Standard	3' UTR	>=80		Spinocerebellar ataxia 8 (SCA8)
chr13	99985448	99985494	ZIC2	GCN	GCN	Imperfect GCN	Coding	>=25	Autosomal dominant	Holoprosencephaly 5 (HPE5)
chr13	102161577	102161726	FGF14							
chr13	45596431	45596852	ERICH6B	TCTTCCTCCTCCAGATACCCTTCCTTCTCCAGAGACTCTTCCTCCTCCAGATGCTCTTCCTTCCCCAGATACTCTTCCTCCTCCAGATACCCTTCCTTCCCCAGATACTCTTCCTCTTCAATATAC		VNTR	intra-exon			
chr14	23321472	23321490	PABPN1	GCG	GCG	Standard	Coding	>=7	Autosomal dominant	Oculopharyngeal muscular dystrophy (OPMD)
chr14	92071009	92071042	ATXN3	CAG	GCT	Standard	Coding	>=56	Autosomal dominant	Spinocerebellar ataxia 3 (SCA3)
chr14	104941568	104953442	AHNAK2	AACTTGCTGTCTTTGGCAGTCACATCCTTGTCGGCCAGGGACAGGTCCCCCTCCAGCCGCGCACCATCCAGCTTGGCTCCTGGGGCCTGGACGTCCACCTCCACGCTGGGCAGAGACACCTCCACATCGGGGGCCGTCACTTCCGCCTTGGGGCCTTTCAGGTCCAGCTTGGGGCCCTTGACGTCTATCTGGGGGCCCTTGAGGTCCACTTTGGGCATCTTGAAACTGGGCATCTGCACCTTGGGCAGGTGCCCTTTGAGGCCGGCTCCCTCGGGCACGGGGCCCTCCGGGAGTTTCACGTCCACTTGGCCAGCCTGGACCTCCAGGTCAGCGGAAGGGGGCTGAATGCTGAGGTCAGTGGTCTTGAGGTCCCCCTGCATGGAGGGGAGGCTCACGTCGGCCTCCACCTTCGGCGCAGACACATCCACCGAGGCCTCGATGGACTTGCCTGGGGCAGACACCCCGAACGACGGCATCTTGAACTTGGGCATTTTG		VNTR	intra-exon			
chr14	44504952	44505166	FSCB	GGGGCCTCCTCAGCTGGTGGAGGCTGAACTTCAGCG		VNTR	intra-exon			
chr15	22786677	22786701	NIPA1		GCG		Coding	>=11	Autosomal dominant	Amyotrophic lateral sclerosis
chr15	34038900	34038937	AVEN	TCCGCCGCCGCC		VNTR	intra-exon			
chr15	40356106	40356275	PHGR1	CCAGGGCCCTGCGGGCCACCCCCTGGCCATGGC		VNTR	intra-exon			
chr15	88855508	88856962	ACAN	GGGCTTCCTTCTGGAGAAGTTCTAGAGACCGCTGCCCCTGGAGTAGAGGACATCAGC		VNTR	intra-exon			
chr16	17470907	17470923	XYLT1	GGC	GCC	Standard	5' UTR	>=110	Autosomal recessive	Desbuquois dysplasia-2 (DBQD2)
chr16	24613439	24613530	TNRC6A	TTTCA	TTTTA,TTTCA,TTTTA	Nested	Intron	>=1100	Autosomal dominant	Familial adult myoclonic epilepsy 6 (FAME6)
chr16	66490398	66490467	BEAN1	TGGAA	TGGAA,TAAAA	Nested	Intron	>=500	Autosomal dominant	Spinocerebellar ataxia 31 (SCA31)
chr16	67842864	67842950	THAP11							
chr16	87604287	87604329	JPH3	CTG	CTG	Standard	3' UTR	>=41	Autosomal dominant	Huntington disease-like 2 (HDL2)
chr16	71475617	71476009	ZNF19	AAAGCTTTCCCACACTCATTACACTCATAGGGTTTCTCCCCAGTGTGGATTCTCTGATGCCGAATTAACGATGAATTACCATTA		VNTR	intra-exon			
chr17	80147059	80147139	EIF4A3		CCTCGCTGTGCCGCTGCCGA		5' UTR	>=14	Autosomal recessive	Richieri-Costa-Pereira syndrome
chr17	40818868	40818938	KRT10	CCGCCGCCGGAGCTGCCG		VNTR	intra-exon			
chr17	41029974	41030044	KRTAP1-4	GCAGCAGCTGGGCTG		VNTR	intra-exon			
chr17	41046809	41046933	KRTAP2-1	GCAGGTGGTGCTGCAAGGGGTAGGCTGGCC		VNTR	intra-exon			
chr17	41123686	41124066	KRTAP4-12	CAGCAGCTGGGGCGGCAGCAGGTGGGCTGGCAGCACACAGACTGGCAGCACTGGGGTCTGCAGCAGCTGGACACACAGCAGCTGGGGCGGCAGCAAGTGGTCCTGCAGCAGGTGGTCTGA		VNTR	intra-exon			
chr17	41167748	41168093	KRTAP4-3	GGCCTGCAGCAACTGGAAATGCAGCAGCTGGGGCGGCAGCAGGTGGTCCTGCAGCAGCTGGGTTTGCAGCAGCTGGAGATACAGCAGGAA		VNTR	intra-exon			
chr17	413443	413941	C17orf97	GGCCCTCAAGGGCTTCCACCCCGACCCCGA		VNTR	intra-exon			
chr17	57106390	57106493	AKAP1	GCTTGGATAGAAATGAGGAGG		VNTR	intra-exon			
chr17	80090217	80090346	CCDC40	AACACGGGACGCGCGCAGGCACGTGCACGAAC		VNTR	intra-exon			
chr18	55586155	55586227	TCF4	CTG	CAG	Standard	Intron	>=50	Autosomal dominant	Fuchs endothelial corneal dystrophy-3 (FECD3)
chr19	13207858	13207897	CACNA1A	CAG	CTG	Standard	Coding	>=21	Autosomal dominant	Spinocerebellar ataxia 6 (SCA6)
chr19	14496041	14496074	GIPC1	GGC	CCG	Standard	5' UTR	>=73	Autosomal dominant	Oculopharyngodistal myopathy 2 (OPDM2)
chr19	18786034	18786050	COMP	GAC	GTC	Standard	Coding	>=6,>=7	Autosomal dominant	Multiple epiphyseal dysplasia (EDM1)Pseudoachondroplasia (PSACH)
chr19	45770204	45770264	DMPK	CTG	CAG	Standard	3' UTR	>=50	Autosomal dominant	Myotonic dystrophy 1 (DM1)
chr19	17656120	17656196	UNC13A	TCCTCCTCCTCCTCCAGGAG		VNTR	intra-exon			
chr19	20544314	20545717	ZNF737	TTAAAGGCTTTGCCACATTCTTCACATTTGTAGGGTTTCTCTCCAGTATGAATTATCTTATGTGTAGTAAGGTGAGAGGACCAC		VNTR	intra-exon			
chr19	20623975	20625378	ZNF626	TTGAGGACTGCTTAAAGGCTTTGCCACATTCTTCACATTTGTAGGGTTTCTCTCCAGTATGAATTCTCTTATGTGTAGTAAGGT		VNTR	intra-exon			
chr19	34741149	34742044	ZNF181	GAGAATTCATACTGGAGAGAAACCCTATGAATGTAGTGAATGTGGAAAGGCCTTTAGCCATGGCTCATCTCTTACTCAACATCA		VNTR	intra-exon			
chr19	34943461	34944774	ZNF30	ACATCAGAGAATTCATACTGGTGAGAAACCCTATGAATGTAAGGAATGTGGCAAGGCCTTTAGACTAGCTCATACCTTGCTCAGCATCAGAGAATTCATACTGGGGAGAAACCCTATGAATGTAAGGAATGTGGGAAAGCCTTCAGTACGTCCTCATACCTTGTTCA		VNTR	intra-exon			
chr19	35527101	35527847	SBSN	GCAGCATGGTGGGCCCCCTGGCCAAACCTCCCTGCCTCATTTCCAGCCTGCCCCGCAGCATGGTGGACCCCCTGGCCAAACTTCTCTGCCTCCTTCCCAACCTGACTGGCAGCATGGTGGACCCCCTGGCCAAACTTCTCTGTCTCCTTCCAGCCCTCACTGAGACCATGGTGGACCCCCTGGCCAAACCTCCCAGCCTCATTTCCGGCCTGCCCC		VNTR	intra-exon			
chr19	4510857	4513487	PLIN4	TGACCCCAGTGGACACGGTGTCCTTGGTACCGGTCAGCACAGTCTTGGTGGTGTCCACGCCGGTCTGGACGGTCCCTTTGGCCACATTCACAGCACCGG		VNTR	intra-exon			
chr19	47802225	47802696	TPRX1	TGGGCCTGGGAT		VNTR	intra-exon			
chr19	48874554	48874600	PPP1R15A	GAGGATGAGGAAGAT		VNTR	intra-exon			
chr19	49746666	49746738	TSKS	CCTGCGGCT		VNTR	intra-exon			
chr19	52384192	52385357	ZNF880	AATCCATACTGGAGAGAAACCTTACAAATGTAATGAATGTGGCAAGGTCTTCACTCGAAATTCAAACCTTGCAAATCATCACAGAATCCATACTGGAGAGAAACCTTACAAATGTAATGAATGTGGCAAGATCTTTAGTCACAATTCACACCTTGCACCACATCTGCTAATTCACACTGGAGAGAAACCTTACAAATGTAATGAATGTGGCAAGGTCTTCAGTCAAAATTATACCTAACAAAACATCAGAG		VNTR	intra-exon			
chr19	52612695	52614201	ZNF83	GTTTCTCTCCAGTATGAATTCTCCGATGTTGTGCAAGGTATGAATTTTGACTGAAGACCTTGCCACATTCATTACATTTGTAAG		VNTR	intra-exon			
chr19	53237134	53237951	ZNF677	AGTAAGGTTTGAACGTTGGATAAAAGCTTTGCCACATTCATTACATTTGTAAGGTTTCTCTCCAGTATGAATTCTCTGATGCTC		VNTR	intra-exon			
chr19	55517968	55518023	SSC5D	CCACAACCCCTCACC		VNTR	intra-exon			
chr19	56554520	56554914	ZFP28	CATCAGAGAATCCATACTGGAGAGAAACCCTATGAATGTAAGGAATGTGGTAAAGCCTTCACCAGAAGACTCACCTTGCCACT		VNTR	intra-exon			
chr19	56577171	56578535	ZNF470	AGAATTCATACTGGAGAGAAACCTTATGAATGTAATGAATGTGGGAAAGCCTTCAGCCAGAGTGCACATCTTGCTCAACATCAG		VNTR	intra-exon			
chr19	57859361	57860243	ZNF587	GTTCACACTGGAGAAAGGCCTTATGAGTGCAGGGAATGTGGGAAATCATTTTGGTAAAGATCCCACCTCATTAAACATCAGAGA		VNTR	intra-exon			
chr19	7765776	7766151	CLEC4M	GCTGAAGGCTGCAGTGGGTGAGTTGCCAGAGAAATCCAAGCTGCAGGAGATCTACCAGGAGCTGACCCG		VNTR	intra-exon			
chr19	7870936	7871120	AC010336.3	TCTCCAGAGGGGGCGGGGCTAGGGAAGGTAGGT		VNTR	intra-exon			
chr2	96197066	96197122	STARD7	ATTTC	TGAAA,TAAAA	Nested	Intron	>=274	Autosomal dominant	Familial adult myoclonic epilepsy 2 (FAME2)
chr2	100104799	100104824	AFF3		GCC		Intron			
chr2	176093058	176093104	HOXD13	GCN	GCN	Imperfect GCN	Coding	>=22	Autosomal dominant	Synpolydactyly (SPD)
chr2	190880872	190880920	GLS	GCA	GCA	Standard	5' UTR	>=680	Autosomal recessive	Glutaminase deficiency with impaired intellectual development and progressive ataxia (GD)
chr2	151577914	151609576	NEB	GTATCTTTAGTGCTTAGCACAATGCCTGGCACATGGTGTGTTTAATAAGTATTTTTAAAAGGATGATTAAGAATTCGATCACTAGTTCCACAGTTTTGGTCTCCAGAAACTGTCTTAAATCTACCACTTGGCAATGCATTTTAAGTGATGAGCATGCTTTCCTGTAATGAACTCATTCATTACAAAAAGGTATCTCTGGAAGCTTAAGGGAACCAAGATCAGATAATTTTTAAGTTATCCATTCTATACAGGAAATAAATAACCTTCTGTAATCCATCATTTCTAAAAGTCTGAAGGGCAGAAAATACGAGTAAATCTAAAAATGCCTTAGGTGAGTTAATGAAAGACCACATTGTGAAGAACATCAAGTGGTCTGGAGCGTGCTGCTAACTTTTCAAATTAAGTTTGAGGAAGATGGTCCTGCCCTTCTTTGATTCATAGCTGAAGGACCATGGACATTCTTCTGTTTAAGAAACTGCCCCAGCACTTTGGGAGGCCAAGGCAGGTGGATCACCTGAGGTCAGGGGTTTGAGACCAGCCTGGCCAACATGATGAAACCCTGCCTCTACTAAAAAATAAAAAAATCAGCCGACTGTGGTGGCATGTGCTTGTAATCCCAGCTACTTGGGAGGCTGAGGCAGAAGAATCGCTTGAACCCGGGAGGCAGAGGTTGCAGTGAGCTGAGACTCCAGCCTGGGCCGCAGGGCCAGACTAAGGAAGGAAGGAAGGAACAAAGAAACGAACTGCAAGGCTGGGCGCGGTGGCTCACATCTATAATCCCAGAACTTTGGGAGGCTGAGACAAGTGGATCACCTGAGGCCAGGAGTTCAAGACCAGCCTGGCCAAGATGGCGAAAACCCGCCTCTAATAAAAATACAAAAATTAGCTGGGTGTGGTGCACATGCCTGTAATCCCAGCTACTTGGGAGGCTGATGCAGGAACATCGCTTGAACCTGGGAGGCGGAGGTTGCAGTGGGCTGAGATTGCACCACTGCACTCCAGCCTGGGTGACAGAGCAAGACTCTCCGTCTCAAAAAAAAAAAAAAAAAAAAAGAAAGAAACTGGAAACACTGTACACATTAACAAATCTATAGGAAAATTCTGGTAGCACCTTTAACAATGAAAACTTTCTGAAGAAACCTGGCTGTAGGTAGGCAATTAATAATTCTGATAAAATAATAATAAAGTGGAGTGCCTACGTACAGAGAGTTGTGTTTTCAGAGCATTGGAAGGAGCCATCAGGCAAAGCAATGGGGGACTTGTTTCCTGGGGGACACACTTACGTCGCTCTGTAGGTCGTAGGCTTTCCTGGCTTGGATCACATCATTCTGGTCGGGAAAGCAAGACCAGTGGTGCAGGTAATGGCGATAGTCCACATCACTTGCCAGTGCCTGACCTTCTTTGGCAGCGCTGATGGACACCATGTCCACAGGGATGGAGATCTTGGCTTTGTGGTCGTTGTAGGCCTTTTTGTACAGCCTGTCATTCTGCATCTTCAACACATTTGCTGCCCAAACCAGTTTAGGGTCTTCCTTGGCGCTGCGACAGCCAATGTAATGGCCTTTCTGTTTCTCATAAGCAGTTTTGTACAGATACTGGTAGATGTGAACAGAAAATAGAAGAGTAATTTTTCCAAACCCACTTTTTCTAGAGAGCCTACTCAAACTAACTCCATCTCCCTTAGTTTACCTTTTTTGGGGGGGTCGGGGAATACTGTTTTTATTTAAATTCAAGCCATAAGTTTTGATACATTGGTTTGTCTTCTGTGTCTACATGCATGAAAACATTGAGAGCATCTCTTAGGCAAGAACTGTGTTGCTGGATTATCTCCCAATATAGCCTGGCCACCTTCAGATGTTTTGTCACACACAAGTACCAGTTGTACTTCTTATTACTTTAAATCAAATTAATTCTTTGTTGAAATTTTTTTTATTTTACTTTTCTTTTCTTTTTTTTTTTTTTTTTTTTGAGACAGAGTCTCGCTCTGCTCCCCAGGCTAGAGTGCAGTAGCACGATCTCGGCTCACTTGCAATCTCCACCTCCTGGGTTCAAGTGATTCTCCTGCCTCTGCCTCCCCAGTAGCTGGGATTACAGGCATCCGCCACCATGCCCAGCTAATTTTTGTATTTTTAGTAGAGACAGGGTTTCACCGTGTTGGCCAGGCTGGTCTCGAACTCCTGACCTCAAGTGATCCACCCGCCTTGGCCTCCCAAAATGCTGGGATTACAGGCATGAGCCACCATGCCTTGCCTGAAATAATTTTTAATTATAAACTTATTTTAAAATTTTATTTAAAAATGTATAACCCTATCTACGTGGAAAAAAACAGTGTATTTCTAGCACACATTAAAACAACCATATAACTATTTTAAAAAAATACTTGTGCATGTACTACATAAAATTATTATAGGAAACACCGGTAGTATACACGCCACACTTTGAGTAACAACAGAATTCTCTGTACTATGAAATTAAATCTCTTTAAGTACTTGTAAATTAAGTGACATTGTGAAGATATTGAAAAGAAAATCAAAATCTGTGCTTAAACGCAAGAGTTGCAGAACCAAACATAGATGCAAAAGGATCCTCAGATTGTAAGAGTTGTTCTTGAATTTAGGATTTACAAATATACTAATAACAATGACCCAATTCCATTTAAATATAATTCAAAGGGCATTAAGTTAAACTCCCTCTATTTCTACTAGTTAGTGTTTGTTCCGGTTGGGAAGGAGGAGCTCTTACGTCACTGGCAATATCCCTGGAAGCCTTGGCATGCTGGATCCCAATGGCATCTGCTCGCAGGTCATAACCAGTCATCTTGACATCTTCCCAAGCTTGCTGATAGCGTTTCTGCAAACAGAGAGTGCAATGCCACAGTCAGTCTGAAGAGGGAGCTACTGAGTCAGCATTACTGATGTATTTAAAAATAGATATTTACAGTTACACTGAACATTAATGTCTCCTTAAGATTTATGAAAGAGTCTGGTTTCATATTGAGCTTGAATTCCAGTAGATTTTTAATGACATTTAGTAAAGCTCTCTCCCAATAATTATTTTTTGAAGAAGGAAACTTAGGAGATAATAAATCATGTAAAAATCAGAAAAAAACATATTGCTTGGCTTTTACAAGGAAAAAGCAATGATGGATGGCCCACCAAAACCTGAGAACTAGGTATTACTCTACGTGTATCTATAAGTTTTATGTTGTGTTTTTGGAGAAACCATTCCATTTTTCCTTCCAACAAATATTGAGATGTACATTATACAGACACACGCAGACCCACACAGCTACTTATCATTAACTTAAAGACTAGAAATAAAAGGAATGGGAAGAAAATGCCTTTTGACAAACTCTCTTTGGGGTGTATAATAAAAGGTTTGGTTAGGCAGAGAGCACTGTGAAAAGCAAATGATGTGTGCTGTCTTACATTGCTGATCTGCAGGGCATTGATTTTGGATTGCAGCATCAGGGGAGTGTCAGCTGGCACGTTCACATTAGCCTTCTCTTTCTCCCAGGCATCGCGATACAATGGCTGGGAAAAATGAAAAACGATGGAATGGTCAATTAGTAAATAAGTCAATTACCACATAAATAAAATTATAAAGTCATGAAACATATACTTGAATAAATGGATATGAATAAAATTTTAAGTGAATTTTATAATAAATTAAAACTAACATAAGTAAATTAAAATTTTTAAGTAAGATTAATAGGTAAATCTAATTTTATATTAAATAATAAGCAAAATGAAAAGTTCTTTTTGGATGTTCTCCGATATAAACGTAGATTATACATAGCATAAGCCACTGCACCTTGCCTCCTTTGCACTTTTATTTAAAAGGTGCCAATAGTGACTTCAATAAGAACACATTTATGTGTGATACAACATAATTTAAAATGAGTCAGAAATACGGTAGTAAAATTATTCTTTTCCATTTACTCACATCTAATTATCAGATGGGTAAGTCCACATTGCAGATAGCTCTGATAATTCCCATTGCTGAGCAGGACCTAGCTGTTTTTGGTCCAAATAACTACCATAATGTCTAACATTGAAGTTGTCCCTAGACTTCTCAACCTATTTCAAGCAATAAAGAAGTGGCAATTTTGTGATTATAGTACTAAGTGGTGGGCCTATATTATGGTCTGGATCTCCAAATGTGATCAAAGTGTGTATCAGGGTGTGTAGAACATGAAGATGCCCACCACATGTGCATTGACCAAACACTTATCAAAGCAAATGAAATCCAGAGGCTGCTAAGAGACTGACTACACAAAGATCCATCTGGATACATGCAAACGTGTTTCAGATCCTGACGCTGACATGAAGAGTCTAAAGTTCACGTTTAAAATTCTTCTGGATTCAGATTTCTTCCATTTGTCTGAAAACATCATCCACCTGGACTTACCTCACTGATCTGTACAGCATTGATCTTTGCCTGGATTACTTCCGGGGTGTCAACAATGCTGGTGAATTTGAGGGCCTCAGGCTTTATACGATACAGCCTTTCATTCAAGAGATTCTGGGCATTCTTCACTCTCATCACTTCCACAGAACCCTCTGGCAACCATCCAATACCCTTCAGCCATTCCAGGTCTGACTTGTACAAGTTCTACATGAAGGAGAGGAACACAGAGTGGGGAAGAGTCAAAGTTGCCCATAAGAGTTTGATGCTTGCAAACCACACATCACCTCTGTTTAAATCAGTTAGGTGGCTAATCTCATAAAACTCAAGGATCAACATTAAATGTTAATATTGGGTGTTATCTCTCTGGCACACATGGGAGAAGTTTAGAGTATCCTGCAGGAATTGGAACAGGGCTCACAAGTGGCACTTGGTGGAACGGCAGCCAGCAATGGCACATAACTTTGTATGCTTGGATTAGTTTCTACACTCACCACTTGAAGTCTGCCTTTTATGTACCACTGGAAGTAACATCAGTAATAACATCAGTTGGATCTTAGGAGGTAAAGAACCTTAGATGTATGCGTAATGAGAAAAAAATACATACCTGTATCTATATCCATCCTGCCCCCCATCTCTCTCTCTTTCTGTGTCAAGTAAACATGAAATCCAACATTTCCTTATGCTTACATCTACTTATGAAATATGTATATGATTATGCAAAGGTAACGGCTCAGAGCAGCTGCAACTGAAATTTTCTACCTAATTACATAGAATAAGAGACTGATTTTCATCTTGGTAAATAAGGTCTTGCTACCATAAGAAGGAGTCCTCTATAAGATAGAAAATGTCTGGGGAAAACTCTGCTACCATGAATTGTACAGAATATGTTAGGTTCTATTAAGATTACCATTTAAATTATGCCTCTGGGGAATGCACTGGATTTAAACACACAAATACACATCTCCCCGGGGTCTGGCGATAATATACGCACATCGCTCTGCAGGTCGTAGGCTTTCTTGGCCTGGATCACATCGTTCTGATCTGGCAGACACGTCCACTGGTGCAGATAATTGCGATAATCAATGTCGCTAACCAGGACCTGGCATTTCTTGGCTTGAACAATTGACATCATGTCCAACGGTGTGTTGTGAATTCCTTTAGACTTCTCATAAGCTTTCTTATATTCTCTGTCACTCTGGATCTTGGCAGCATGTATAGCCCATACTGACTTGGGGTCATCTTGTAGGGTGCGGAAACCCATGTGGTGGCCCAGTTGCTTACGGTAACCTTCTTTGTATTTGTACTAAAGTAGTAAGAAATCATATTAAAAAGACATATGAAAATAATGTATTAAGAGGGGTTTTCTAATTTAAATGGTTTCAGTATGTTTTCTTAGCCTTGGTATAAATTGGCTCAACATTGGCAGTCATTACATATTTCAGTTCACTTTAAAGAAATTAGATAATACGATTTTAGGTCATTTCAGAGAGGACATGAGTAAATCAGGAGGGAGATGGTATGGTGAACAAGAGTAATGAAAACAATAGCTAACATTTACTAAGTAATTACTCTATGCCGGACACTATTATGACTACTTCTAATGTGTTGGGTAGATCCACATGAAACTACCATGTTTTTCGGTCAAAAATCATTGACTGGTGGCAATTATGATCACAGTTCATCCTCACAATGTCTCTATGAGGTAGATACTATTATTAACATATATTCCAGTTGGGGAAAACAAGGCACAGGTGATAATCTCCATCACCAAGTTTCCCTGACAAGTGCAACATTAGGTCAAATGATCTCCTAAGAGTACTGAAGGAACCTCAGGTAGGGAGAGGTCATACGTGTGTGGTTTTGGAAACAGACAAGAAAGATGCATGTTTCAAGGATGGAAAGCAAGGCTGTGGCTTGAATCAGAAGATAACAACAAAAGTTCTGTGGACAAGAGTTTCCATCTGATGAGTGTCTCAGGACTAGTGTAAGGTGGTTTCTGTTTCTTTCCTATGTTTGGATAACATAGGCAAGTTTGAACAAAGAGAGAGAAAACTGGGAATCAAGCAGATAACGTGGACTAGCTATGGTTATTAGAGGCAAAAATGAAGAATAAGAAGGAGGAAACAACTGGCTACATGATGAAAATCAGAGAAGAACGCAGAGAAAGGGAACAAGGTGGCTTAAAGAGTTGGAGCTGGGGGCAGGGTGCACCTGGTAGCATAATTATTCTATTTTTATTTTTATTTTTTTTTGAAACGCAGTTTCAGTCTTGTTGCCCAGGCTGGAACGCAATGGCATGATCTCGGCTTACTGCAAACCTCCGCCTCCCAGGTTCAAGTGATTCTCCTGCCTCAGACTCCTGAGTAGCTGGGATTACAGGCTCCCGCCACCACGCCCAGCTAAGTTTTTGTTTGTTTGTTTGTTTGTTTGTATTTTTAGTAGAGATGAGGTTTTACCATGTTGGCCAGGCTGGTCTCGAACTCCTGACCTCAGGTGATCCGCCCACCTCAGCCTCCCAAAGTGCTGGGATTACAGGGGTGAGCCACCATGCCCGACAGGTAGCATAATTATTTTGACCACTAGTAAGTTTTAAAATTAGAATTAAATGAAGTTCCAAAGATTACTAAGAGTATTCTACATAAGCCTCCAGTATAAAATCTTGCATATAAATATGATTTCAGTCTTAAGTCTTATATGAAACTATCATCTGTGACTTATATTTGTGGAGAATGTCAGAAATATTTTAGGGATAAAAATGACATTGTATTGGGTCCTGAATTTTCCCAGGAATTTAATACAGACTCTTCATGATGTTTTGTTTCTACTTTGTAACAGCATCAAAGTAAATTTACACATATACCTCATCTATGCTAACTTTAATGTTTTCCATTCCATTTTAATATTTTCAAATACAGAAAGCTTCTAGCAGAGGATGAGATGCAATTCTATGCACAGATTTTTTAAAAACACAAAATTCTTGAAAAATAGTCTCCCTGCTCGTTTTGTAGAAAAGAAAAACCACAAGAAAAGAGAAGGAAGCGTACCTCACTGGCAATTTCTCTGGAGGCCTTGGCGTGCTTGATTTCAATGGCATCTGCCCTTATGTCATAGCCTTTCTGCTTGGTGTCATTCCAGTCTTTTTGGTAGAGTTTCTATAGAGGGAAAATAAAGGTTTGTTTACAAGAATGGAAAAATAAGCAAATTTACTCAAATTTGTCATAATATAAATCATAAAGAATATGGTAATGTAGTCAATATAAGAAAAAAGCATTCATTTCTGGGTTCTTTTCGTTGTTGGATATTTCCTCTGTGGTGTACAGGATACTTCTGGTTAAAATTTTAAAGCTAAACATCAAACTCTATTAATGTTTGAATATTTGCATCCATCACAATATGGTATGCATTTGAAAATATCCCACTACAAGTACATGGAACCTAAGGATCAATGGGGAAGCCAGAGAATCTTTATCAAGATATCAGGTAAGATCTGATAAGATTTTTCTCCCCCTAATTTTGTCCTTTGACTTTTCAGAAGTTTCTGCTAAAGGGTTGTGACATAGATATCATACATAGCCCGCCATTTGGATGTAATTAAAAATGGTCCTTTGTCTTTCTTATGGCCTTGAAATGTCAAATGAAAAAGTCCTGGATCAATAAGAAAAACCTAAGATGATAACAGAGACTGTTAAGAGTGAAGGAGGACACCAAAAGGATTCAGGTGTCCCAAATCCTGCAGTCTAGGCACCCACCGATGTATCCAAGCACACATTTAAAAGAGAGAAACTCCATTCATATCGCATTGGGACTGGTAGCTAAAGAGAAAATGTCTAGCACCAAAAGCCACAAACATTGCAAGGTAGGTAATTTGTCGCTATAACAATCTCCATGAGCAGACAGATATTGCCCATAAAGGCTTTTACACTTCATGTTCGTGCCACTTACATTGCTGATTTGCAAGGCATTGATGTGGGCCTGCAGCATCTCCGGAGTATCAGAAGGAATGGTGATGTTGCTTTTATCTTTATTCCAGGCTTCCTGATACAGTTTCTGTGGAGAGGAGGGAAATAGGGAATCAATATCTGAAACATTAAGCCTTAGCTAATGTTTGGCTAATAGTTAACTAATGTAAGCCTTAGCTAACTACTCAATCTGGAAAAACGTTTTTACATATGTTTATAATGGTTAACTTTATGTGTCAGCTTGGCTGGGGCATGGTACCCAGATATTTAGTCAAACATTATTTTAGGTGTTTCTGTGAAAGTATTGTTAAAATGAAGTTAACATTTAAATCAGTAGATTCCAAGTAAAGGAGACTACCCTTCATGATGTGGGTGAGCCTTATCTAATTAGTTGAAGACCTTGATAGAAAAGACAAACCTCCCCAGTAAAAAGGAATTCTGCCAGCAGATGGCCTTTGGGTTTGAATTGCAACACATCCCTCAGTCTCTAGCCGGCTGGCCTACCCTGCAGACTTTGGACTTGCCAGCCTGCATGATCTCAGGAGCCAATTTCTTAAAGTCTCTCTCTTCTGTGTGTGTGTACAAACACACACACACAAACACACACACACACACAGCCCCTATTGGTTCTGTTTCTCTAGAGAATCTGGACTAATACAATGTTATGTTATTATGTAGCATGACACTACATGTCTTAGTATTTAATATGAGGTCAACAAGTATTTGTGTTCCTGAGTTGCCAGGGAGTGACATTTTCACTGCAGTGCTTCAAAGTGTGTATGTGTGGTAGAAGAAAGGCATGTTGGTGTTTGTCAGAGTTCTATTTTCAGTGTATCTGCACTAGTGAAGACATTTTTAGAGTTGCTCGTCTCACCAAAATTCTTTGAAGAAGTCCAGTCTACGGGCTCAGTTTGGGTGGTATCTTTGGAAAAGATAGTAGGATGGTTCTTACCTCACTTATTTGCAGAGAATTGGCTTTTGCCAAGACAACTTCTGGAGTGTCGACAATGCTGGTGAATGACAAAGCTTCTGGACGTGTCCTATAGAGTCTTTCATTCACGAGGTCTTGAGCAACCTTCACTCTGTTCATTTCCACTGAGCCTTCTGGCATCCAGCCGATGCCACGCAGCCACTCCAGGTCTGCCTTATACACACTCTATAAAGAAGATGTCAGACAAAAATACCATTTCTGACCAACATGGTGAAACCCCATCTCTACTAAAAATACAAAAATTAGCCGGGCATGGTGGCGCATGCCTGTAATCCCAGCTACTTGGGAGGCTGAGGCAGGAGAATCGCTTGAACCCGGGAGGCAGAGCTTGCAGTGAGCCGAGACTGTGCCATTGCACTCCAGCCTGGGCAACAAGAGCAAACCTCCGTCTCACAAAAAAAAAAAAAAAAAAAAAAAAGGTAAATGTCAACATTTAATGAAAAAATAGGCAAAGATTGTATGAGAGGCAAGGTGCAGGCTTTCAGCACTGAAACTCTGAGTACATGCAACGGCAAAGCAAAAATAAAACATGAAAGTACATCATTGTGACACTGGAAATCCCTTTTGTGATCATAAGTTGAAGTCGTGAGTGCTAACATTTAAAAAAATTTTTTTTAAGGGATGGAGTGCAATTGGAGACTGCACTCCAGCCTGGGCAATGAGAGTGAAACTCCATTTCAAAAAAAAAGAAAAAAAAAAGGAAAAAACATTTCAAGTGTTAGACATACAAATCTTTAGCTGAAAAATAAAGCACATGGGGTTGAAGGGATAGGTGCAGGAGATTGTACTTCCAAAAAAGTAAGACCTGAGATCTCACATGATTCAGGGTTTTTAATATTGATCACAGAAGTCATTTGTAAAAACATAATTATTTATACTAGCCATGAATAATAATATGTATAGTAATAAAGCTGAATTCCATGATATAATTGATATTTCAAAAAATTTTATAGTTGAAAATTTTTAAAGGAAAATTTTGCTGAATTGGATTCCACTTTAATCCTGTGATAATTGACCCAAGGAAATGCTGTTTAGTGTTTTGGATCTAGCATAATAGCAGCAATTATTTTAAAAACATTCAGATGATTTTTATTTGTCTGAAAATGTATTTGTCTGAAAAGTGCTGGGATTACAGGTGTGAGCCACCGCGCCCAGCCCTATGTCATGTTCTTTCTTCTTCTTTATTCACCATT		VNTR	multi-exon			
chr2	178653488	178654118	TTN	TTCTTGAGGAACTTCAGGCACTTGAAAGATATTAGTAGTTTTACACTTAGGTTAATGAAGAGAAATGGACTAAAATTGTTTACAGAACAGAAGAGATATTTCTTCTGCAGAATAAGACAGGGCTAAAATGTACCTGTGACAGCTGGGGCTTCTGGTTTTTTGGGTGGAGCCTTGGGAACTTTCTTTTTCTGCGAC		VNTR	single-exon			
chr2	230996318	230996421	SPATA3	CAGCAGCCTAGCCCTGAATCCACACCA		VNTR	intra-exon			
chr2	232847506	232847571	GIGYF2	CAGCAGCCGCCA		VNTR	intra-exon			
chr20	2652733	2652775	NOP56	GGCCTG	GGCCTG,CGCCTG	Standard	Intron	>=25	Autosomal dominant	Spinocerebellar ataxia 36 (SCA36)
chr20	4699397	4699493	PRNP		GGTGGTGGCTGGGGGCAGCCTCAT		Coding	>=5	Autosomal dominant	Creutzfeldt-Jakob disease
chr20	17659123	17659247	RRBP1	GCCTTCTTGCCCTGGTTCTGGGCCCCCTCG		VNTR	intra-exon			
chr20	62813163	62813552	OGFR	GAGCCCATCGGAGACCCCAGGCCCCCGCCCGGCAGGACCTGCAGGGGACGAGCCAGCCGA		VNTR	intra-exon			
chr21	43776443	43776479	CSTB		CGCGGGGCGGGG		Promoter	>=30	Autosomal recessive	Epilepsy Progressive Myoclonic
chr21	44551113	44551165	KRTAP10-2	CACAGCAGACGGGCA		VNTR	intra-exon			
chr21	44574380	44574817	KRTAP10-4	TGCTGCCAGCAGTCTAGCTGCCAGCCAGCTTGCTGCACCTCCTCCCCCTGCCAGCAGGCCTGCTGCGTGCCCGTCTGCTGCAAGCCTGTGTGCTGCAAGCCTGTCTGCTCTGAGGATTCCTCTTCA		VNTR	intra-exon			
chr21	44627465	44627515	KRTAP10-9	CTGCTGCGTGCCCGT		VNTR	intra-exon			
chr21	44637696	44637743	KRTAP10-10	CTGCTGTGTGCCCGT		VNTR	intra-exon			
chr21	46334453	46334765	PCNT	AGTCAGTGACCACCCACCAGAACAGCGTGGGATGTTCAC		VNTR	intra-exon			
chr22	19766762	19766807	TBX1	GCN		Imperfect GCN	Coding	>=25	Autosomal dominant	Tetralogy of Fallot (TOF)
chr22	45795354	45795424	ATXN10	ATTCT	ATTCT	Standard	Intron	>=800	Autosomal dominant	Spinocerebellar ataxia 10 (SCA10)
chr22	37568317	37568479	CDC42EP1	CCAGCCCCTGCTGCAAACCCC		VNTR	intra-exon			
chr22	37723761	37724957	TRIOBP	CCAGAACATCCTGTGCCCAGCGGGACAATCCCAGAGCCTCCTCTCCCAATAGAGCCACACGAGACAACC		VNTR	intra-exon			
chr3	63912684	63912726	ATXN7	CAG	GCA,GCC	Standard	Coding	>=36	Autosomal dominant	Spinocerebellar ataxia 7 (SCA7)
chr3	129172576	129172732	CNBP	CCTG	CAGG,CAGA,CA	Standard	Intron	>=55	Autosomal dominant	Myotonic dystrophy 2 (DM2)
chr3	138946020	138946063	FOXL2	GCN	NGC	Imperfect GCN	Coding	>=19	Autosomal dominant	Blepharophimosis, ptosis, and epicanthus inversus syndrome (BPES)
chr3	183712187	183712223	YEATS2	TTTCA	TTTTA,TTTCA	Nested	Intron	>=1000	Autosomal dominant	Familial adult myoclonic epilepsy 4 (FAME4)
chr3	10260375	10260441	AC022384.1	CCAGCCAGGAGAGAAGGA		VNTR	intra-exon			
chr3	195725121	195725800	MUC20	CCTCAGAGAGCAGCGCCTCTTCCGACGGCCCCCATCCAGTCATCACCCCGTCACGGG		VNTR	intra-exon			
chr3	195778857	195788625	MUC4	AAGAGGGGTGGCGTGACCTGTGGATGCTGAGGAAGTGTCGGTGACAGG		VNTR	intra-exon			
chr3	31990486	31990618	ZNF860	TGTAATTCATAAGGCAATTCATACTGGAGAGAAACCTTACAAG		VNTR	intra-exon			
chr4	3074876	3074966	HTT	CAG	CAG,CCG	Standard	Coding	>=36	Autosomal dominant	Huntington's disease (HD)
chr4	39348424	39348479	RFC1	AAGGGACAGG	AAAAG,AAAGG,AAGGG,AAGAG,AGAGG,AACGG,GGGAC,AAAGGG	Replaced	Intron	>=400	Autosomal recessive	Cerebellar ataxia, neuropathy, and vestibular areflexia syndrome (CANVAS)
chr4	41745972	41746032	PHOX2B	GCN	GCN	Imperfect GCN	Coding	>=24	Autosomal dominant	Central hypoventilation syndrome (CCHS)
chr4	159342526	159342617	RAPGEF2	TTTCA	TTTTA,TTTCA,TTTTA	Nested	Intron	>=60	Autosomal dominant	Familial adult myoclonic epilepsy 7 (FAME7)
chr4	1394531	1395705	UVSSA	GTGCCCATGTGGAGTGCCCGCCTGCTCACAC		VNTR	intra-exon			
chr4	139889904	139889990	MAML3	TGCTGCTGC		VNTR	intra-exon			
chr4	56931010	56931259	REST	TCTCCTCCCATGGAGGTGGTCCAGAAGGAGCCTGTTCAGATGGAGCTG		VNTR	intra-exon			
chr4	70158677	70158853	PRR27	CACCTGTTGCAGCTGAGCCTGCTGCAGAGG		VNTR	intra-exon			
chr4	85988	87435	ZNF595	AAACATAAGAGAATTCATACTGGAGAGAAACCCTACAAATGTGAAGAATGTGGCAAAGCCTTTAATCGGTCCACAACCCTTAAT		VNTR	intra-exon			
chr4	87615622	87616064	DSPP	ACAGCAGTGATAGCAGTG		VNTR	intra-exon			
chr5	10356346	10356412	MARCHF6	TTTCA	TTTTA,TTTCA	Nested	Intron	>=668	Autosomal dominant	Familial adult myoclonic epilepsy 3 (FAME3)
chr5	146878727	146878757	PPP2R2B	CAG	GCT	Standard	5' UTR	>=51	Autosomal dominant	Spinocerebellar ataxia 12 (SCA12)
chr5	113488331	113488374	MCC	GCTGCTGCC		VNTR	intra-exon			
chr5	171392935	171392979	NPM1	GATGATGATGAAGAG		VNTR	intra-exon			
chr5	23526745	23527698	PRDM9	GTCTGCAGGGAGTGTGGGCGGGGCTTTAGCTGGAAGTCACACCTCCTCACTCACCAGAGGACACACACAGGGGAGAAGCCCTAT		VNTR	intra-exon			
chr5	80654881	80654936	DHFR	GCAGCGGCCGCAGCGCCC		VNTR	intra-exon			
chr6	16327633	16327723	ATXN1	CAG	TGC	Standard	Coding	>=39	Autosomal dominant	Spinocerebellar ataxia 1 (SCA1)
chr6	45422750	45422802	RUNX2	GCN	GCN	Imperfect GCN	Coding	>=27	Autosomal dominant	Cleidocranial dysplasia (CCD)
chr6	170561906	170562017	TBP	CAG	GCA	Standard	Coding	>=43	Autosomal dominant	Spinocerebellar ataxia 17 (SCA17)
chr6	160605062	160647661	LPA	CTGGGGTCCGACTATGCGAGTGTGGTGTCATAGATGACCAAGCTTGGCAGGTTCTTCCTGTGACAGTGGTGGAGTATGTGCCTCGATAACTCTGTCCATTACCATGGTAGCACTCCTGCACCCCAGGCCTTTGCTCAGTCGGTGCTGAAATGAAAACACGGGAAATCAAGCTGAGTATCTCTGAGCATAGAGAAACATGTGAAGCCATTTGTGACACAACCAGAAAGGAGTCTATGAGAATTACGACCGTTCTCTTTTCCTTATCCATAGGCAGATGGATGTGAGAAAACCGACCAACAAACAAACACCAAAGCAACAGATTCCTCCCATTCTAGAACTGTAGTAAGTTCTTGGAAATATTTCACCTGACACCTTAGAGAAACACAACAGATCAGATTCCTCATTGGAAAGTGAGCTCACGAGGTAGCACCTTTCTAGGAAACTCTACTGAATCTTCATGCAAACGGCACCGCATTTGGCAATGCGGGCTGCAGGTGGTAATTGGCTGTCGGGGGCAGAGTTTGGGACAGACATGGAAATTTTGCATGTTTCCCTAGACCGTTGATCATGAAAGCCAAGGCCTTTGGCTTCCGGGCCATGGGGCAGAAAACGGTCCTATGTATCTGACTGAAGACAAAGACACTTTGCTTCTCAGGGATGTGTGCACGCCAAAAGCTTCTTCCCTTGGAGGAGAGAGGGAATCCTCTCATGCCCTGCATCCTGAATTGTAGTAAAGTAGGAGTCTACTACTCTTTCTCTCTAGACCCCTCACAGGTACAAGTGTCATCAGAAAGAGGTTTAAGAATACTGAGAAATCACTCCCTTCAAAGCCTAGGGCTGAAGAGCCTTAGAGCACTGGGAGCTCATGTACTGCTCCATAGACCCAGGGCCACATGGAATCAATGCAGCCCTCTTAGGTTTCTCGAGGGTGACAGGCTCCAGAGCCACATTTCTCAGAATCTGCAATGCTGAAGATTGCTCTGAATGCTGGCTACTTGAAGAAATCCCCGGAAAAGCTTACTGGCTTGGAAAGAGTGACACACCTGACAGCATGTTACAATAAAAATTTTGGCTGGGACACTGAGGTAGCCCGTTTTACAACAAGGTGAATTTTGAAGTCGATCCCCCTGGAGGGTTTGTGCCCATCCTAAAGACAAAGCCCAACCACGTTGCACCAGAAATCACTCCGCTGGCTCCCCCAGAGAGTGCACGGAGGCTTCCTCCTACATGGTAGAACTCAGGCAACACTCGAGCATCCGTTTACCATTGAAGGCGGCTGCATCAGTGGGAATTTCCATGGCTTTTCATCCCAGCATCGAAGCGTGTAGATGTCTGGCCACAGACTCCTTACCTTGTTCGGAAGGAGCCTCTAGGCTTGGAACCGGGGTAACAGTCGGAGGCGCGACGGCAGTCCCTTCTGCGTCTGAGCATTGCGTCAGGTTGCAGTACTCCCACCTGACACCGGGATCCCTCGTATAACAATAAGGAGCTGCCACAGCATCTGGATTCCTGCAGTAGTTCATGATCAAGCCACTGGAAATTCCAAAACGATACACGTCACAAGAGGTGGGACAACATGCAGGGGCACCCCACACTCTCTCCTTTGTGCTGCAACAAGGTCATTACCGGTGCCTTTCTAATATTCCCATTAAAAGTACCATATGATTGCCACCAGCAAAAATGGCTCTCGATCACTAATCCTCTCTGCACATCTCTCATACTTAATAGATTATTACTATTTTTTTTAAATAAAAAATCTAAAGTAGCAAACGCTTCTTAGAAACACTGAGATAACACACACACGTGGCCGAAAAACGATCAGAGTATTCTCCTTCTGCCTTCTGCCCAATCCATCTCTCTGGAATAACTGGTATGGGTTTTGACGTCTGTATTGTGGGATTGTGTATTCACATGCAAATGCATCTGTATCTGTCTAGTCTCCGTATCTCTCTCGGTAGGACTTCATATTCTAATGTGGGAGTTGCAACGAACATGTAGTTCTTCAGAAAACACACGTCATCCAGGAGGATAGCCGTTCCAGGTCAACCCTCACACTCTATGTACTCAATACGTAGTGAAAAGGCTCTACCTTTCCCACAGAAAAGCATTGTGCAAATAGTATTACTGTCTGTCAGGTTTAGTAGGTTTGTTTCTCCAAGACTTCTCAAAGCTGCCCTGGAAAACTTGCTCCCAGGCAGGATGCAGTATCTCTAGAAGGGGTTCCTAGGCAGGTCCTTCTCTCCTGCTCTCAGTCTACCCTCTGCTGGCCGCAGCTACTCCGGGACTGAGGGAAAGGGGGATGAGTTGAAAGAACAGTGGGACCCATGGCATAAAGGAAGACGGCAGGGTGGACTAAGAGATCTGAAGAGGTCGGACAGCTACGGAGCAGCAGAGAAAAATGCATTAGGGGGCAAAGCAGGCGAGTAGTTTGGGCTGCGGGGATCTTGAAGCATTCGCTCTTCCTTATGCCTCCCAAGAACGTTGCTCCAACCTCCCAGTATCCTCACATTCATGACCTCTGGCTGCCTGAGAAAATGGGAAATGTATTATGGGCCATGGGGTTCCAACACTGTCTCTCTAGAGACTCTAGACTTGTGGCCTAGTCTCAACCCCAGACCCTCCATTCCAGGAAGCTGGTTCAATGAGCAACTGGATGTATAAGAGCCTGAGCTCTTGAAAGACTTCTAGTTCTTCCTTGGCTTCCCTCTTTTGAATGCATGGACTATTCTTATTATACCAAAAACCTCAGAGTTCAAACCTTTGTGATTGCTCTAGGATTTGCAATATCCCTTCGAACCCGCACAGTACCCTTTTATTAATATGACACACCATCGTGCATGAGGTAAAGAAACTTACAACGGTACACTTCGAATTAATCCCTTCGTGATTTATGCTACCATTTCAAATTCTTACCTCTACATATGCTGAAGTTAAATATCTTGCTATCATTTTGTTTCAAGTAGTCAACTCTCATTTACAAAGATATAGAAATTTGATCAAGAAAATATTTTGCATTTACATCTATCTACATTTGCCAATTGCTGGATTCTTCATTACGTGGGCTGCAGAAAGTTCCTTTCTTGTTCAATTCTTCTTCTACCTAATTCCTTCGGGTCACCTCTCTTGTTACATAAGCCTGCTGATTTCCAATTCTTACAGTTTCCGGTTTCTTTCTTTGGGGCAGTGCACAATATGCATTTATCCGACATGGATGATCTTCAAGGCATTTTATTGCTGGATTCAGCATTCCCGGTTGATCTCTTTTTGTTCCTGATTATCATTTTAACAATATTCCCTGGTATCTGGCTTCCAGTGTTTCTGAGGTGAACACATTGGCAATTTGTATCAGTGTACTTGTAGGAAGACACAGCTCTTTTTCCTCCAGTTTCTCGTGACAGGTTTCTTCTTATTATATCTTTGCCTTGTTACCTTCGAACTGTGATGTACAAAAGTACATCATACAGGTTGGGTTTTTTTTCCGAAATTCCCTATATGATCCCTTGAGTTTCACGATTCTGTGATTTTTTTTAATGTTCTTCGTAATTGAAAAGTTATCAGCCATCCTTGATTCCGGTATTTGTTTCTATTCCAAACTCCCTTGCTCTTTACTGTGACTTGCTTCCCACATGCAGGAAATCTTTTCATATTTTCCTACATGTCTGTGAGGCTCGCTTAATTTTATATTTCACTGTTTCTTCAGGGGTGCGCGTGTCTGTGTGTGTTAGAACTTGTGAGTTTCTGCGTGTGTGTGAGTATGGGTGTGTTTTCAGTTTGTGTGTGTGTGTGTGTGTGTGTGTGTAGCTCATTCTGTAGGTTCTCTAGAATTGTGTGTTGGGTAATGTTTTCCTCTGAAACGTCTAAATTGATCAGCCGGCCATACAGTAATTTTTTTCAATTAAGACATACTTTTTTTATACTAGCTCTTTAATTTAATTTGGCTATTCTGTACTGTTAATTTCTCTTGATATGATATCTGCTTTCTTGCATGTTGTTTTTTTAAATATTTGAAATCAGTTATCATACTGATATGTCAAATTTTCACGCAATTCTAATCATTTCTCTCATTCCTGAGCCTGTTTGTATTACCCGATTTATTTCCTGGTCATGGGTCACACGAAACGCTTTTCTACATGTAGTCAGATTTTAAATTTAGGACTCACTCTGCGGATACCGCATAGCTGAGGCAATCGACTTTGTTGTTTACTTCTAAAGAGAGTTGAGATTTCCTCTCACAGGCACTTCATTGATTGGAAACCGATTTGATGCTTGGACACTTGCTTTCCAGCTGTGCAAGGGGTTGTCTGCAGCTGACTTTATTCTAGTAATATACTAAGTGTACCTTTAAATTACGGCTGTTCTGGGGTCTCCACTGAATTGGCAATGTGCTCCGTGAGGACTCTCTGGTCTAGCTGGGAAGAACTCCAGTATCCCAGAGTGCTATGTGATCTCTCTCTTCTTTATTGAGCTTCCTGTGCTCTTGTACTTGCTGTTTCTCAGTAAATGTTCTTTGCCACACTTTCTCGTGGAACCATTTCCTGTGCACAGGCAGCGTCATGTCAGGCCAACGACTGGAGGAGACTTCTATGCGTATTTGTAGAGCTCTTTTCCTCCACAAACCAGTTCTTATTTCTAGCAGACCTAGAAAAATTTCAGCTACCACAGTCATCCCAAACTCCAATCCCTCTCCTCCATTCAGCAAGATGGCTACAGTCTGCTTGGGCTCCATCTCCTTGCTATTCAGTGCAGGAAGGGTATCCAGGAAGAAAGCCAAGGCATCTGCGGAGTGGAGCCCATCATTGCCCCTCTCTCAATTCTCTAGGTCCTCTACCATCTGTTGTCCCACATGTAGAAACCATTTTTCCATGTCTCTGGTAGTCGCTTGTGGCCAAAATATTGGCCATTGGGTGGTCAGACCCGGGCTTCTCTCCATCCACCCATCCCTTTTACTTTTCAGCATCCCTCTCTGTGCTGACTCTCATCTGCCTTCCTTCCTTGGATCTTCTCTTGCTGGGAACCTGTATCCCTTCAGGCCACTGGTACTTAGGAACGAGTGTTTTTCTGACAATCGGAATATACGTAGATATAGAAACAGATCAATTCACCTGTCCATAAATAAGCACCTATTCTTTCCTCTTGAACCCAGAGAGAAAAGGCAAACGCAACCTTCCCTTCAGGAAGTGGAAGCCAGAATAACGGAATTCCAACTGGAAAGTCTCCATTGACGTTTAGTTGGTGTTGTGGAAGGGTAATCTAAGTGTCTGGTCCTTTGTCATTCTGACTTTCTTCATAATGTGATCTCCTCACCTCCAGATTTCCCTTCTGCTCAATAGAACTAGGAGGAAGGAGAGGGAGCTTAACATTTCCCTTCTCTCAGACCCTTAGCTCCAAGGCAATCATCCTGAGACATTTTGCTACGCCATCTGCATCTGTCACAAGTTGAGTTCGGAGAACTCAGCTTGAGACACATCTCTTGTAACAGAAACTTCACTTGGCCCTTTCTTCTCTTATGGTAAAGAACAAAGACATACGCATTTGGGTAGTATT		VNTR	multi-exon			
chr6	26055811	26055858	HIST1H1C	CTTGGGCTTAACAGC		VNTR	intra-exon			
chr6	30986487	30987490	MUC21	AGCCACCAACTCTGAGTCCAGCACAACCTCCAGTGGGGCCAGCAC		VNTR	intra-exon			
chr6	31025948	31029989	MUC22	TCTGAGACCACCACAGCCTCTACTGCAGGC		VNTR	intra-exon			
chr6	81752011	81752072	TENT5A	CCGCCGAAGTCGCCG		VNTR	intra-exon			
chr7	27199678	27199732	HOXA13_3	GCN		Imperfect GCN	Coding	>=24	Autosomal dominant	Hand-foot-genital syndrome (HFG)
chr7	27199825	27199861	HOXA13_2	GCN		Imperfect GCN	Coding	>=18	Autosomal dominant	Hand-foot-genital syndrome (HFG)
chr7	27199924	27199966	HOXA13_1	GCN	NGC	Imperfect GCN	Coding	>=22	Autosomal dominant	Hand-foot-genital syndrome (HFG)
chr7	55887601	55887640	ZNF713		CGG					
chr7	100308203	100315286	SPDYE3	TGCCTGTAGTTCCAGCTACTCGGGAGGCTGAGACAGGAGAATCGCTTGAGCCTGGGAGGAAGAGGGTGCAGTGAGCCGAGATCGTGCTACTGCACTCCAGTCTGGGTGAGAGAGTGAGACGCTGTCTCAAAAAAAAAAAAAAAAAAAGAAGAAGAAAAAAAAGAAGGGTCAGAGGTCAGGAAGGAGAACCTGGGGAGGGTGTGTGGGAAGAATGGAGAAATTCAGGCTGGGTGCAGTGGCTCACACCTGTAATCCCAGCACTTTGGGAAGCCAAGGCAGGCGGATCACGTGAGGCCAGGAGTTTGAGACCAGCCTGGCCAACATGGTGAAACCCCCGTCTCTACTAAAAGTACAAAATTGAGCTGGGCATTATGGCAGGCACCTGTAATCCCAGCTACCTGAGAGGCTGAGGCAGGAGAATAACTGGAATCCGGGAGATAGATGTTGCAGTCAGCTGAGATTGCACCACTACACTCCAGCCTGGGTGACAAAGCAAGATTCTGTCTCGAAACAAAAAAAAAAAAGAGGGCCTCAGAGAGCCAGGGACCAGGGAACGATATGACGCAGTGTTCTGAGGACAGAGAGAGGGAAGAATGGGGAGGGGAAGGAGTGGCACATGGGGTTGAGCAGAGGAGAAAGTCAGAAAGGTGGCTTGGAGAAGCCAGCAGTCTGAGAGGCTGGGGAGGATGGAGAGTGGTTTGGGGTTTGGGGTCGGGGTCTAACGTGATCAGTTGCAGAAGCATTACACGGTGGCCTGGTTTCTTTACTCAGCCCCTGGGGTAGATCCCAGCCCCCCACGTAGGTCCCTTGGCTGCAAAAGGAAGAGGGAGTGTTTGGATGAATCTGATGATGAGCCAGAGAAGGAGCTCGCCCCTGAGCCTGAGGAGACCTGGGTGGCGGAGACGCTGTGTGGCCTCAAGATGAAGGCGAAGCGACGGCGAGTGTCGCTCGTGCTCCCTGAGTACTACGAGGCCTTCAACAGGCTGCTTGGTAGGAGGACACCCCAGAGAGCACCTCCAATCCTGTTCTTTCTAAAAAGAGGAAACTTCCAATAACCACACTTTTCCAATGGGAAAAATATGCCCCAGTGGGTGAGCTCTCCATGCGGGAGGACTCTGAAGTGATCACTCATGAGGGACACTTAGGAGACAACAGAGGATTAGGTAGACTTGATAAAGGTCGGTGCTTGGGATAAGAAAGCTTGGTTTTGGGCCAGGCGCTGTGGCTCCCGCCTGAGATCCCAGCACGTTGGGAGGCTGAGGCAAGAGGATTGCTTGAACTCAGGACTTTGAGGCTGCAGTGAGCTATGACTGCACCACTGCACTCCAGCCTGGGTGACAGAGCAAAACTCTGCGTCAAAAGAAAAACCAAGGCTGGGCACAGTAGCTCA		VNTR	single-exon			
chr7	100958796	100958872	MUC3A	CAGCTTCACTTCTTCGATCACCAC		VNTR	intra-exon			
chr7	100990920	101004942	MUC12	AACAACATTCCTGCAGCCACAACCTCAGGCCTCGTGAGGAATCACACTTCCACAGCAGCCCGGTCAACTGACACAACACTCTCACCTGCCAGCACCACAACCTCAGGCCTCAGTGAAGAATCTACAACCTCCCACAGCAGCCCAGGCTCAACT		VNTR	intra-exon			
chr7	101031805	101043067	MUC17	CCACTTCTACTGAAGCCAGTTCATCTCCTACAACTGCTGAAGGTACCAGCATGCCAACCTCAACTCCTAGTGAAGGAAGCACTCCATTAACAAGTATGCCTGTCAGCACCACGCCGGTGGCCAGTTCTGAGGCTAGCACCCTTTCAACAACTCCTGTTGACACCAGCACACCTGTGA		VNTR	intra-exon			
chr7	122013291	122013337	PTPRZ1	TGGTGATGA		VNTR	intra-exon			
chr7	128947291	128947357	IRF5	GCCGCCCACTCTGCA		VNTR	intra-exon			
chr7	45083386	45084449	NACAD	CTGTGTCTTGTAGGGGCAGAGGCGGTGTCATAGCGGAGTCCTGGGGTAAGGTGAGGCCCTCTTCAGCCTGCTGGGACACAAGCGTGGCTGCAGCCACAGGCTTTGGGGCTGACGAGAGAT		VNTR	intra-exon			
chr7	64348369	64349166	ZNF736	GAGAGAAACCCTACAAATGTGAAGAATGTGGCAAAGCCTTTAAGTGGTTCTCAGACCTTACTAAACATAAGAGAATTCATACTG		VNTR	intra-exon			
chr7	6621450	6621687	ZNF853	GCAACAGCAGGAACAGTTACAGCAGCAGCAGCTGCAGAGCAACAGCAGGTACA		VNTR	intra-exon			
chr7	74056348	74056424	ELN	GGAGTCGGAGGTGTCCCT		VNTR	intra-exon			
chr8	104588972	104589000	LRP12	CGG	CCG	Standard	5' UTR	>=93	Autosomal dominant	Oculopharyngodistal myopathy 1 (OPDM1)
chr8	118366815	118366919	SAMD12	TTTCA	TGAAA,TAAAA	Nested	Intron	>=100	Autosomal dominant	Familial adult myoclonic epilepsy 1 (FAME1)
chr8	10607386	10608001	RP1L1	GGGCCTCCCCTTCAGCCTCCG		VNTR	intra-exon			
chr8	143858046	143866608	EPPK1	GCAGCAGCTGCACGTACGTGAGGTTCTCGTGCGTGTTGGGGTCGAAGAAGCCCTTGGTGTCGTCGCTGGGGTCGGCCAGGACACGGTTCATCTCCTCGTCGAAGTAGCCGCGCCGGTAGGCCACGTCCACGGGCACGCGGTGGCTGTGCACGGGGTCGATGACGCCGCCCGTGGCGATCTGGGCCTCCAGCAGGCGGATGCCGTGCTCCCGGACGATGAGGTCCTTCTGCATGGCCTGGAAGAGGGAGATCTGCTGCCCGGTGTAGGGGTCGGTGTAGCCGGTGACGGCGCGCTCGGCCGACAGCAGCTTCTCCTGGATCTCGCCGCCCACCACGCCCGCGGCCACGGCCTCCTCCACCGACAGCCTCAGGTTGCGCACGGGGTCGATGACGAAGCCGGTGGCCGCCTGCGCCTCCAGCAGCACCAGGGCCGTGCCGGGCCGCAGCACGCCCTTCCACATGGCCTGGTAGATGCTCATCTTCTCCTGGCGGCCGGGCTGGTCCTTGGCGGGCACCAGGACGCCCGCGATGCAGCTGGTGCCCTCCAGGTAGCGCTTGACCGAGTCCATCTCCGTCACCTCCTGCAGCGTCTTAGTGCCCTGGGCCAGGTCCCGCAGGGTCTCGGGGCCCAGGATCCCGGACGTGTGCAGCTCGGAGGCGGACACCTGGCGCCTCAGGCCGCGGAAGGACACCTTGCTGAGCCGCTCCTCCGTCTCCTCGATGACCCGGGTGAGGACGGCGACGAGGTCGGGCAGGCCCAGGGCGCCGGCCGCGTGCTGGGCCAGGAGCTCGTCTCGGCGGGCCTCGCTCAGGTACGAGGAGAAGAGGACGTCCCACACGGAGACCGGCCGCCCCTGGAACTGCCCGCGCTGCACCTCCATGGTGGCATCACGCAGGGTCTGCTCCTGGCGGCGGGCGGCGGCGGGGCGGCGGCGGCCTCCTGGGTCTCGCCCTCCCCCTGGCCCTCTCGCTGGGAGCGCCCCGAGTCGCCGTCCCCTCGCCCGGCTGGCCCTGGCTCCCGCGGGCCGCGCCAGGCGTCCTGGAGCTGCGGCCGGGCCCCGGGGGCCTCCTCGGCCTCCTCGATGATGGCGGTCAGCCGGCGGGTCAGCGCGGGCAAGTCCAGGGTCCCCGAGCCAAACTCGGCCAGCAGCTCCTCCCGGGCGGCCCTGCTCACGTAGCCGGACGCCAGCACGTCCCACACGGGCACCGCGCGCCCCCGGAGGCGGCCCACCTTGACCTCCATGGTGGCCGCACGCAGGGCCTCCCGGGGGTCTGGGCGCGGGCTCCCGGCCTCGGCCTCGGCCCGGGCCTGGGCCTGGGCCTGGGCCAGCAGCGAGGTGAGGGTGGCGCCCAGCTCCTCCACGGTCAGCGTGCCCGCCCGGTATCTGCTCAGCAGGTCCTGGCGCCGGTCCTCGGACACCTCGCGGTAGAAGAGGAGCTCCCAGACGGAGACGCTCTGGCCCTGGAGGGCGCCCGAGCCTGGCGTCACGCGGGCGTCGCGCAGGGCACAGCGCAGCTCCTCGCTCAGCTGGTGCACGGCGGAGCCCCGGCCTGCCAGCTGCAGCATGTAGAGCCCGGTGTCCGGGTCGGGCACGCAGCGGC		VNTR	intra-exon			
chr8	23116758	23116936	TNFRSF10C	CACCAGCCCGGGGACTCCTGCCCCAGCTGCTGAAGAGACAATGAC		VNTR	intra-exon			
chr9	27573528	27573546	C9ORF72	GGGGCC	GGCCCC	Standard	Intron	>=24	Autosomal dominant	Amyotrophic lateral sclerosis and/or frontotemporal dementia (FTDALS1)
chr9	69037261	69037304	FXN	GAA	A,GAA	Standard	Intron	>=70	Autosomal recessive	Friedreich ataxia (FRDA)
chr9	130681606	130681639	PRDM12	GCC		Standard	Coding	>=18	Autosomal recessive	Hereditary sensory and autonomic neuropathy type VIII (HSAN8)
chr9	133071170	133071728	CEL	GGCCCCCCCCGTGCCGCCCACGGGTGACTCCGG		VNTR	intra-exon			
chrX	25013529	25013565	ARX_2	GCN		Imperfect GCN	Coding	>=20,>=20,>=23	X-linked recessive	Developmental and epileptic encephalopathy-1 (DEE1)Partington syndrome (PRTS)X-linked mental retardation with or without seizures (MRXARX)
chrX	25013649	25013698	ARX_1	GCN	GCG	Imperfect GCN	Coding	>=23,>=18	X-linked recessive	Developmental and epileptic encephalopathy-1 (DEE1)X-linked mental retardation with or without seizures (MRXARX)
chrX	31284557	31284605	DMD	GAA		Standard	Intron	>=59	X-linked recessive	Duchenne muscular dystrophy (DMD)
chrX	67545316	67545385	AR	CAG	GCA	Standard	Coding	>=40	X-linked recessive	Spinal and bulbar muscular atrophy (SBMA)
chrX	137566826	137566856	ZIC3	GCC		Standard	Coding	>=12	X-linked recessive	X-linked VACTERL syndrome (VACTERLX)
chrX	140504316	140504362	SOX3	GCN	NGC	Imperfect GCN	Coding	>=26,>=22	X-linked recessive	X-linked mental retardation with isolated growth hormone (XLMR)X-linked panhypopituitarism (PHPX)
chrX	147912050	147912110	FMR1	CGG	CGG	Standard	5' UTR	55-200 >=201	X-linked dominant	Fragile X tremor/ataxia syndrome (FXTAS)Fragile X Syndrome (FXS)
chrX	148500631	148500691	AFF2	CCG	GCC	Standard	5'UTR	>=200	X-linked recessive	FRAXE mental retardation (FRAXE)
chrX	149631763	149631782	TMEM185A		GCC		Intron			
